{"cameraMode":{"drawMode":0,"name":"Shaded","section":"Shading Mode"},"sceneLighting":true,"audioPlay":false,"sceneViewState":{"showFog":true,"showMaterialUpdate":false,"showSkybox":true,"showFlares":true,"showImageEffects":true,"showParticleSystems":true},"in2DMode":false,"pivot":{"x":-4.666591644287109,"y":1.9803814888000489,"z":1.5431156158447266},"rotation":{"x":-0.17047645151615144,"y":0.0062944320961833,"z":-0.00176836340688169,"w":-0.9854145050048828},"size":28.12686538696289,"orthographic":false}