{"cameraMode":{"drawMode":0,"name":"Shaded","section":"Shading Mode"},"sceneLighting":false,"audioPlay":false,"sceneViewState":{"showFog":true,"showMaterialUpdate":false,"showSkybox":false,"showFlares":true,"showImageEffects":true,"showParticleSystems":true},"in2DMode":false,"pivot":{"x":-0.24072265625,"y":0.4520263671875,"z":0.07861328125},"rotation":{"x":-0.07086525857448578,"y":-0.8696078658103943,"z":0.13089200854301454,"w":-0.4707905054092407},"size":1.2799450159072877,"orthographic":true}