{"cameraMode":{"drawMode":0,"name":"Shaded","section":"Shading Mode"},"sceneLighting":false,"audioPlay":false,"sceneViewState":{"showFog":true,"showMaterialUpdate":false,"showSkybox":false,"showFlares":true,"showImageEffects":true,"showParticleSystems":true},"in2DMode":false,"pivot":{"x":0.7733025550842285,"y":0.607226550579071,"z":0.3194819390773773},"rotation":{"x":-0.011371379718184471,"y":0.7108445763587952,"z":0.01152433268725872,"w":0.7031817436218262},"size":2.8578836917877199,"orthographic":false}